<?xml version="1.0" encoding="UTF-8" ?>

<!-- Asociar una transformación XSLT -->
<?xml-stylesheet type="text/xsl" href="partidos.xsl"?>

<club_voleibol>
    
    <!--  Información del partido: No puede haber 2 elementos diferentes con el nombre "equipo"  -->
    <partido>
        <lugar ciudad="Lima">Estadio Nacional</lugar>
        <fecha>2023-08-01</fecha>
        <equipos>
            <local puntuacion="25">Equipo A</local>
            <visitante puntuacion="20">Equipo B</visitante>
        </equipos>
        <arbitro categoria="internacional">
            <nombre>Juan Pérez</nombre>
            <nacionalidad>Argentina</nacionalidad>
        </arbitro>
    </partido>
    <partido>
        <lugar ciudad="Lima">Estadio Central</lugar>
        <fecha>2023-04-01</fecha>
        <equipos>
            <local puntuacion="20">Equipo B</local>
            <visitante puntuacion="25">Equipo A</visitante>
        </equipos>
        <arbitro categoria="internacional">
            <nombre>Juan Pérez</nombre>
            <nacionalidad>Argentina</nacionalidad>
        </arbitro>
    </partido>
</club_voleibol>